-- phpMyAdmin SQL Dump
-- version 5.2.1
-- https://www.phpmyadmin.net/
--
-- Host: 127.0.0.1
-- Generation Time: Feb 16, 2024 at 05:14 AM
-- Server version: 10.4.32-MariaDB
-- PHP Version: 8.2.12

SET SQL_MODE = "NO_AUTO_VALUE_ON_ZERO";
START TRANSACTION;
SET time_zone = "+00:00";


/*!40101 SET @OLD_CHARACTER_SET_CLIENT=@@CHARACTER_SET_CLIENT */;
/*!40101 SET @OLD_CHARACTER_SET_RESULTS=@@CHARACTER_SET_RESULTS */;
/*!40101 SET @OLD_COLLATION_CONNECTION=@@COLLATION_CONNECTION */;
/*!40101 SET NAMES utf8mb4 */;

--
-- Database: `project1`
--

-- --------------------------------------------------------

--
-- Table structure for table `admin`
--

CREATE TABLE `admin` (
  `aemail` varchar(255) NOT NULL,
  `apassword` varchar(255) DEFAULT NULL
) ENGINE=MyISAM DEFAULT CHARSET=latin1 COLLATE=latin1_swedish_ci;

--
-- Dumping data for table `admin`
--

INSERT INTO `admin` (`aemail`, `apassword`) VALUES
('admin@katama.com', '123'),
('admin@edoc.com', '123');

-- --------------------------------------------------------

--
-- Table structure for table `appointment`
--

CREATE TABLE `appointment` (
  `appoid` int(11) NOT NULL,
  `pid` int(10) DEFAULT NULL,
  `apponum` int(3) DEFAULT NULL,
  `scheduleid` int(10) DEFAULT NULL,
  `appodate` date DEFAULT NULL
) ENGINE=MyISAM DEFAULT CHARSET=latin1 COLLATE=latin1_swedish_ci;

--
-- Dumping data for table `appointment`
--

INSERT INTO `appointment` (`appoid`, `pid`, `apponum`, `scheduleid`, `appodate`) VALUES
(1, 1, 1, 1, '2024-06-03'),
(2, 5, 2, 1, '2024-02-09'),
(3, 5, 3, 1, '2024-02-09'),
(0, 0, 4, 1, '2024-02-15');

-- --------------------------------------------------------

--
-- Table structure for table `doctor`
--

CREATE TABLE `doctor` (
  `docid` int(11) NOT NULL,
  `docemail` varchar(255) DEFAULT NULL,
  `docname` varchar(255) DEFAULT NULL,
  `docpassword` varchar(255) DEFAULT NULL,
  `docnic` varchar(15) DEFAULT NULL,
  `doctel` varchar(15) DEFAULT NULL,
  `specialties` int(2) DEFAULT NULL
) ENGINE=MyISAM DEFAULT CHARSET=latin1 COLLATE=latin1_swedish_ci;

--
-- Dumping data for table `doctor`
--

INSERT INTO `doctor` (`docid`, `docemail`, `docname`, `docpassword`, `docnic`, `doctel`, `specialties`) VALUES
(1, 'doctor@katama.com', 'Katama', '12345678', '38996734', '0110000000', 1),
(2, 'paul.docs@gmail.com', 'paul', '12345678', '0987654', '0765394667', 30);

-- --------------------------------------------------------

--
-- Table structure for table `patient`
--

CREATE TABLE `patient` (
  `pid` int(11) NOT NULL,
  `pemail` varchar(255) DEFAULT NULL,
  `pname` varchar(255) DEFAULT NULL,
  `ppassword` varchar(255) DEFAULT NULL,
  `paddress` varchar(255) DEFAULT NULL,
  `pnic` varchar(15) DEFAULT NULL,
  `pdob` date DEFAULT NULL,
  `ptel` varchar(15) DEFAULT NULL
) ENGINE=MyISAM DEFAULT CHARSET=latin1 COLLATE=latin1_swedish_ci;

--
-- Dumping data for table `patient`
--

INSERT INTO `patient` (`pid`, `pemail`, `pname`, `ppassword`, `paddress`, `pnic`, `pdob`, `ptel`) VALUES
(1, 'ruthmumot@edoc.com', 'Ruth Mumo', '2017', 'Tala', '8857484393', '2000-01-01', '0795307188'),
(3, 'kkatamakennedy20@gmail.com', 'kennedy katama', '@katama023', 'kabarak 20157', '38996734', '2000-01-01', '0718990615'),
(4, 'katamakennedy0@gmail.com', 'Kyalo katama', '12345678', 'Ravine', '12345678', '2003-09-06', '0729374537'),
(5, 'abigael@edoc.com', 'Abigael Mutheu', '1234', 'Syokimau', '0987654', '2006-02-12', '0721458675'),
(0, 'merci@gmail.com', 'Mercy Wangeci', '1234', 'Nakuru', '', '1997-09-08', '0736455364');

-- --------------------------------------------------------

--
-- Table structure for table `schedule`
--

CREATE TABLE `schedule` (
  `scheduleid` int(11) NOT NULL,
  `docid` varchar(255) DEFAULT NULL,
  `title` varchar(255) DEFAULT NULL,
  `scheduledate` date DEFAULT NULL,
  `scheduletime` time DEFAULT NULL,
  `nop` int(4) DEFAULT NULL
) ENGINE=MyISAM DEFAULT CHARSET=latin1 COLLATE=latin1_swedish_ci;

--
-- Dumping data for table `schedule`
--

INSERT INTO `schedule` (`scheduleid`, `docid`, `title`, `scheduledate`, `scheduletime`, `nop`) VALUES
(2, '1', '1', '2022-06-10', '20:36:00', 1),
(3, '1', '12', '2022-06-10', '20:33:00', 1),
(4, '1', '1', '2022-06-10', '12:32:00', 1),
(5, '1', '1', '2022-06-10', '20:35:00', 1),
(6, '1', '12', '2022-06-10', '20:35:00', 1),
(7, '1', '1', '2022-06-24', '20:36:00', 1),
(8, '1', '12', '2022-06-10', '13:33:00', 1);

-- --------------------------------------------------------

--
-- Table structure for table `specialties`
--

CREATE TABLE `specialties` (
  `id` int(2) NOT NULL,
  `sname` varchar(50) DEFAULT NULL
) ENGINE=MyISAM DEFAULT CHARSET=latin1 COLLATE=latin1_swedish_ci;

--
-- Dumping data for table `specialties`
--

INSERT INTO `specialties` (`id`, `sname`) VALUES
(1, 'Accident and emergency'),
(2, 'Child psychiatry'),
(3, 'Dental and surgery'),
(4, 'Infectious diseases'),
(5, 'Internal medicine');

-- --------------------------------------------------------

--
-- Table structure for table `webuser`
--

CREATE TABLE `webuser` (
  `email` varchar(255) NOT NULL,
  `usertype` char(1) DEFAULT NULL
) ENGINE=MyISAM DEFAULT CHARSET=latin1 COLLATE=latin1_swedish_ci;

--
-- Dumping data for table `webuser`
--

INSERT INTO `webuser` (`email`, `usertype`) VALUES
('admin@edoc.com', 'a'),
('doctor@katama.com', 'd'),
('ruthmumot@edoc.com', 'p'),
('emhashenudara@gmail.com', 'p'),
('kkatamakennedy20@gmail.com', 'p'),
('katamakennedy0@gmail.com', 'p'),
('paul.docs@gmail.com', 'd'),
('abigael@edoc.com', 'p'),
('merci@gmail.com', 'p');

--
-- Indexes for dumped tables
--

--
-- Indexes for table `admin`
--
ALTER TABLE `admin`
  ADD PRIMARY KEY (`aemail`);

--
-- Indexes for table `appointment`
--
ALTER TABLE `appointment`
  ADD PRIMARY KEY (`appoid`),
  ADD KEY `pid` (`pid`),
  ADD KEY `scheduleid` (`scheduleid`);

--
-- Indexes for table `doctor`
--
ALTER TABLE `doctor`
  ADD PRIMARY KEY (`docid`),
  ADD KEY `specialties` (`specialties`);

--
-- Indexes for table `patient`
--
ALTER TABLE `patient`
  ADD PRIMARY KEY (`pid`);

--
-- Indexes for table `schedule`
--
ALTER TABLE `schedule`
  ADD PRIMARY KEY (`scheduleid`),
  ADD KEY `docid` (`docid`);

--
-- Indexes for table `specialties`
--
ALTER TABLE `specialties`
  ADD PRIMARY KEY (`id`);

--
-- Indexes for table `webuser`
--
ALTER TABLE `webuser`
  ADD PRIMARY KEY (`email`);
COMMIT;

/*!40101 SET CHARACTER_SET_CLIENT=@OLD_CHARACTER_SET_CLIENT */;
/*!40101 SET CHARACTER_SET_RESULTS=@OLD_CHARACTER_SET_RESULTS */;
/*!40101 SET COLLATION_CONNECTION=@OLD_COLLATION_CONNECTION */;
